<?xml version="1.0" encoding="UTF-8"?>
<project-private xmlns="http://www.netbeans.org/ns/project-private/1">
    <editor-bookmarks xmlns="http://www.netbeans.org/ns/editor-bookmarks/2" lastBookmarkId="0"/>
    <open-files xmlns="http://www.netbeans.org/ns/projectui-open-files/2">
        <group>
            <file>file:/C:/Users/kingm/Documents/NicholasEber_WeatherApp/Project07_Weather/src/WeatherRSS/RSSReaderWeb.java</file>
            <file>file:/C:/Users/kingm/Documents/NicholasEber_WeatherApp/Project07_Weather/src/WeatherApp/startWeather.java</file>
            <file>file:/C:/Users/kingm/Documents/NicholasEber_WeatherApp/Project07_Weather/src/WeatherSQL/WeatherSQL.java</file>
            <file>file:/C:/Users/kingm/Documents/NicholasEber_WeatherApp/Project07_Weather/src/WeatherRSS/Forcast.java</file>
            <file>file:/C:/Users/kingm/Documents/NicholasEber_WeatherApp/Project07_Weather/src/WeatherApp/Weather.java</file>
            <file>file:/C:/Users/kingm/Documents/NicholasEber_WeatherApp/Project07_Weather/src/WeatherRSS/YahooXMLHandler.java</file>
            <file>file:/C:/Users/kingm/Documents/NicholasEber_WeatherApp/Project07_Weather/src/WeatherApp/WeatherViewController.java</file>
            <file>file:/C:/Users/kingm/Documents/NicholasEber_WeatherApp/Project07_Weather/src/WeatherApp/ChangeLocationController.java</file>
        </group>
    </open-files>
</project-private>
