<?xml version="1.0" encoding="UTF-8"?>
<project-private xmlns="http://www.netbeans.org/ns/project-private/1">
    <editor-bookmarks xmlns="http://www.netbeans.org/ns/editor-bookmarks/2" lastBookmarkId="0"/>
    <open-files xmlns="http://www.netbeans.org/ns/projectui-open-files/2">
        <group>
            <file>file:/S:/Users/nicho/Documents/NetBeansProjects/Project07_Weather/src/WeatherApp/WeatherViewController.java</file>
            <file>file:/S:/Users/nicho/Documents/NetBeansProjects/Project07_Weather/src/WeatherApp/ChangeLocationController.java</file>
            <file>file:/S:/Users/nicho/Documents/NetBeansProjects/Project07_Weather/src/WeatherRSS/RSSReaderWeb.java</file>
        </group>
    </open-files>
</project-private>
